{
    "title": "Customer Details",
    "visibility": "All",
    "expiry": 0,
    "isAnonymous": false,
    "isResponseAppended": true,
    "isLocationRequested": false,
    "questions": [{
            "title": "Customer Name",
            "type": "Text"
        },
        {
            "title": "Customer Phone",
            "type": "Text"
        },
        {
            "title": "Customer Type",
            "type": "SingleSelect",
            "options": [{
                    "title": "Consumer - Merchant"
                },
                {
                    "title": "Consumer - Customer"
                },
                {
                    "title": "Enterprise"
                }
            ]
        },

        {
            "title": "Department",
            "type": "SingleSelect",
            "options": [{
                    "title": "Finance"
                },
                {
                    "title": "Technical"
                },
                {
                    "title": "Operations"
                },
                {
                    "title": "Sales and Markerting"
                },
                {
                    "title": "Customer Service"
                }
            ]
        },
        {
            "title": "Region",
            "type": "SingleSelect",
            "options": [{
                    "title": "Nanyuki"
                },
                {
                    "title": "Meru"
                },
                {
                    "title": "Karatina"
                },
                {
                    "title": "Nyeri"
                },
                {
                    "title": "Embu"
                }
            ]
        },

        {
            "title": "Area",
            "type": "Text"
        },
        {
            "title": "Issue",
            "type": "Text"
        },
        {
            "title": "Issue Details",
            "type": "Text"
        },
        {
            "title": "Name",
            "type": "Text"
        },
        {
            "title": "Phone No",
            "type": "Text"
        },
        {
            "title": "Location",
            "type": "Location"
        },
        {
            "title": "Response Time",
            "type": "DateTime"
        },
        {
            "title": "Customer",
            "type": "Text"
        }
    ]
}