{
    "title": "Livestock Alert",
    "visibility": "All",
    "expiry": 0,
    "isAnonymous": false,
    "isResponseAppended": true,
    "isLocationRequested": false,
    "questions": [
        {
            "title": "Livestock Number",
            "type": "Text",
            "isOptional": true
        },
        {
            "title": "Livestock Location",
            "type": "Numeric",
            "isOptional": true
        },
        {
            "title": "Livestock Date",
            "type": "DateTime",
            "isOptional": true
        },
        {
            "title": "Measures Taken",
            "type": "Text"
        },
        {
            "title": "Livestock Image",
            "type": "Image"
        },
        {
            "title": "Herders Number",
            "type": "Text"
        },
        {
            "title": "Herders Attitude",
            "type": "Text"
        },
        {
            "title": "Herders Equipment",
            "type": "Text"
        },
        {
            "title": "Region",
            "type": "SingleSelect",
            "options": [{
                    "title": "Nanyuki"
                },
                {
                    "title": "Meru"
                },
                {
                    "title": "Karatina"
                },
                {
                    "title": "Nyeri"
                },
                {
                    "title": "Embu"
                }
            ]
        },
        {
            "title": "Name",
            "type": "Text"
        },
        {
            "title": "Phone",
            "type": "Text"
        },
        {
          "title": "Location",
          "type": "Location"
        },
        {
          "title": "Response Time",
          "type": "DateTime"
        }
    ]
}